school_id,province,municipality,commune,schoolcode,schoolname,schoollabel,school_label,codigo_novo
1,BENGO,BULA-ATUMBA,SEDE B. ATUMBA,291,Escola Primária nº 208,Escola Primária nº 208//BULA-ATUMBA//BENGO,Escola Primária nº 208//BULA-ATUMBA//BENGO//SEDE B. ATUMBA//BULA-ATUMBA,404010208
2,BENGO,BULA-ATUMBA,BULA-ATUMBA,288,Escola Primária N 203,Escola Primária N 203//BULA-ATUMBA//BENGO,Escola Primária N 203//BULA-ATUMBA//BENGO//BULA-ATUMBA//BULA-ATUMBA,404010203
3,BENGO,DANDE,SEDE CAXITO,337,Escola Primária nº 376,Escola Primária nº 376//DANDE//BENGO,Escola Primária nº 376//DANDE//BENGO//SEDE CAXITO//DANDE,401020376
4,BENGO,DANDE,BARRA DO DANDE,342,Escola Primária nº 362,Escola Primária nº 362//DANDE//BENGO,Escola Primária nº 362//DANDE//BENGO//BARRA DO DANDE//DANDE,401010362
5,BENGO,DANDE,QUICABO,381,Escola Primária nº 371,Escola Primária nº 371//DANDE//BENGO,Escola Primária nº 371//DANDE//BENGO//QUICABO//DANDE,401040371
6,BENGO,DEMBOS,SEDE QUIBAXE,392,Escola Primária nº 402,Escola Primária nº 402//DEMBOS//BENGO,Escola Primária nº 402//DEMBOS//BENGO//SEDE QUIBAXE//DEMBOS,402010402
7,BENGO,DEMBOS,SEDE QUIBAXE,402,Escola Primária nº 412,Escola Primária nº 412//DEMBOS//BENGO,Escola Primária nº 412//DEMBOS//BENGO//SEDE QUIBAXE//DEMBOS,402010412
8,BENGUELA,BAIA FARTA,SEDE,13182,Complexo Escolar Cdte Cow Boy,Complexo Escolar Cdte Cow Boy//BAIA FARTA//BENGUELA,Complexo Escolar Cdte Cow Boy//BAIA FARTA//BENGUELA//SEDE//BAIA FARTA,1408020008
9,BENGUELA,BAIA FARTA,SEDE,13205,Escola Primária 10 de Dezembro,Escola Primária 10 de Dezembro//BAIA FARTA//BENGUELA,Escola Primária 10 de Dezembro//BAIA FARTA//BENGUELA//SEDE//BAIA FARTA,1408020014
10,BENGUELA,BALOMBO,MAKA-MOMBOLO,16692,Complexo Escolar  Maka-Mombolo,Complexo Escolar  Maka-Mombolo//BALOMBO//BENGUELA,Complexo Escolar  Maka-Mombolo//BALOMBO//BENGUELA//MAKA-MOMBOLO//BALOMBO,1406040017
11,BENGUELA,BENGUELA,ZONA C,13142,Escola Primária Alda Lara,Escola Primária Alda Lara//BENGUELA//BENGUELA,Escola Primária Alda Lara//BENGUELA//BENGUELA//ZONA C//BENGUELA,1401003007
12,BENGUELA,BENGUELA,ZONA C,7049,Escola Primária do Cassôco,Escola Primária do Cassôco//BENGUELA//BENGUELA,Escola Primária do Cassôco//BENGUELA//BENGUELA//ZONA C//BENGUELA,1401003002
13,BENGUELA,BENGUELA,ZONA B,7960,Escola Primária do Mini  Uchi,Escola Primária do Mini  Uchi//BENGUELA//BENGUELA,Escola Primária do Mini  Uchi//BENGUELA//BENGUELA//ZONA B//BENGUELA,1401002001
14,BENGUELA,CAIMBAMBO,CANHAMELA,17017,Complexo Escolar de Chinguvi,Complexo Escolar de Chinguvi//CAIMBAMBO//BENGUELA,Complexo Escolar de Chinguvi//CAIMBAMBO//BENGUELA//CANHAMELA//CAIMBAMBO,1409040011
15,BENGUELA,CAIMBAMBO,CATENGUE,17043,Escola Primária de Comandante Boal,Escola Primária de Comandante Boal//CAIMBAMBO//BENGUELA,Escola Primária de Comandante Boal//CAIMBAMBO//BENGUELA//CATENGUE//CAIMBAMBO,1409020016
16,BENGUELA,CAIMBAMBO,WIYANGOMBE,20210,Escola Primária de 4 de Abril,Escola Primária de 4 de Abril//CAIMBAMBO//BENGUELA,Escola Primária de 4 de Abril//CAIMBAMBO//BENGUELA//WIYANGOMBE//CAIMBAMBO,1409050015
17,BENGUELA,CATUMBELA,GAMA,17105,Escola Primária da Gama,Escola Primária da Gama//CATUMBELA//BENGUELA,Escola Primária da Gama//CATUMBELA//BENGUELA//GAMA//CATUMBELA,1404030009
18,BENGUELA,CHONGOROI,SEDE,14773,Complexo Escolar Deolinda Rodrigues,Complexo Escolar Deolinda Rodrigues//CHONGOROI//BENGUELA,Complexo Escolar Deolinda Rodrigues//CHONGOROI//BENGUELA//SEDE//CHONGOROI,1410010002
19,BENGUELA,CHONGOROI,SEDE,17131,Escola Primária  de Cambandi II,Escola Primária  de Cambandi II//CHONGOROI//BENGUELA,Escola Primária  de Cambandi II//CHONGOROI//BENGUELA//SEDE//CHONGOROI,1410010038
20,BENGUELA,CHONGOROI,SEDE,17150,Escola Primária de Tchitata II,Escola Primária de Tchitata II//CHONGOROI//BENGUELA,Escola Primária de Tchitata II//CHONGOROI//BENGUELA//SEDE//CHONGOROI,1410010007
21,BENGUELA,CUBAL,SEDE,17244,Escola Primária Garcia Neto N.º 40,Escola Primária Garcia Neto N.º 40//CUBAL//BENGUELA,Escola Primária Garcia Neto N.º 40//CUBAL//BENGUELA//SEDE//CUBAL,1407020031
22,BENGUELA,CUBAL,SEDE,17265,Escola Primária e 1º Ciclo Cdte Cussi,Escola Primária e 1º Ciclo Cdte Cussi//CUBAL//BENGUELA,Escola Primária e 1º Ciclo Cdte Cussi//CUBAL//BENGUELA//SEDE//CUBAL,1407020001
23,BENGUELA,CUBAL,SEDE,17276,Escola Primária de Kamunda Quissolo,Escola Primária de Kamunda Quissolo//CUBAL//BENGUELA,Escola Primária de Kamunda Quissolo//CUBAL//BENGUELA//SEDE//CUBAL,1407020027
24,BENGUELA,CUBAL,SEDE,17279,Escola Primária de Cdte Kwenha,Escola Primária de Cdte Kwenha//CUBAL//BENGUELA,Escola Primária de Cdte Kwenha//CUBAL//BENGUELA//SEDE//CUBAL,1407020002
25,BENGUELA,CUBAL,YAMBALA,17340,Escola Primária de Vavayela,Escola Primária de Vavayela//CUBAL//BENGUELA,Escola Primária de Vavayela//CUBAL//BENGUELA//YAMBALA//CUBAL,1407040008
26,BENGUELA,CUBAL,SEDE,20143,Escola Primária de 4 de Abril,Escola Primária de 4 de Abril//CUBAL//BENGUELA,Escola Primária de 4 de Abril//CUBAL//BENGUELA//SEDE//CUBAL,1407020038
27,BENGUELA,GANDA,SEDE,17468,Escola Primária Deolinda Rodrigues,Escola Primária Deolinda Rodrigues//GANDA//BENGUELA,Escola Primária Deolinda Rodrigues//GANDA//BENGUELA//SEDE//GANDA,1402010065
28,BENGUELA,GANDA,SEDE,17502,Escola Primária de 22 de Novembro,Escola Primária de 22 de Novembro//GANDA//BENGUELA,Escola Primária de 22 de Novembro//GANDA//BENGUELA//SEDE//GANDA,1402010035
29,BENGUELA,GANDA,CHICUMA,17622,Escola Primária de Cangundo,Escola Primária de Cangundo//GANDA//BENGUELA,Escola Primária de Cangundo//GANDA//BENGUELA//CHICUMA//GANDA,1402030009
30,BENGUELA,LOBITO,SEDE,17690,Escola Primária  - 4 de Abril - Lobito,Escola Primária  - 4 de Abril - Lobito//LOBITO//BENGUELA,Escola Primária  - 4 de Abril - Lobito//LOBITO//BENGUELA//SEDE//LOBITO,1403020029
31,BENGUELA,LOBITO,SEDE,17695,Escola primária - 1º de Agosto - Lobito,Escola primária - 1º de Agosto - Lobito//LOBITO//BENGUELA,Escola primária - 1º de Agosto - Lobito//LOBITO//BENGUELA//SEDE//LOBITO,1403020045
32,BENGUELA,LOBITO,CANJALA,17744,Escola Primária Dr. António  A. Neto  da  Canjala,Escola Primária Dr. António  A. Neto  da  Canjala//LOBITO//BENGUELA,Escola Primária Dr. António  A. Neto  da  Canjala//LOBITO//BENGUELA//CANJALA//LOBITO,1403040001
33,BENGUELA,LOBITO,CANJALA,17750,Escola Primária -10 de Dezembro -canjala Lobito,Escola Primária -10 de Dezembro -canjala Lobito//LOBITO//BENGUELA,Escola Primária -10 de Dezembro -canjala Lobito//LOBITO//BENGUELA//CANJALA//LOBITO,1403040007
34,BIÉ,ANDULO,ANDULO-SEDE,27322,Escola Primária Povoação Cariongo,Escola Primária Povoação Cariongo//ANDULO//BIÉ,Escola Primária Povoação Cariongo//ANDULO//BIÉ//ANDULO-SEDE//ANDULO,1201010039
35,BIÉ,ANDULO,CHIVAULO,12347,Escola Primária de Chivaulo Sede,Escola Primária de Chivaulo Sede//ANDULO//BIÉ,Escola Primária de Chivaulo Sede//ANDULO//BIÉ//CHIVAULO//ANDULO,1201040003
36,BIÉ,ANDULO,CALUSSINGA,27042,Escola Primária de Chimbinda,Escola Primária de Chimbinda//ANDULO//BIÉ,Escola Primária de Chimbinda//ANDULO//BIÉ//CALUSSINGA//ANDULO,1201020008
37,BIÉ,ANDULO,CALUSSINGA,27170,Escola Primária de Tumba,Escola Primária de Tumba//ANDULO//BIÉ,Escola Primária de Tumba//ANDULO//BIÉ//CALUSSINGA//ANDULO,1201020009
38,BIÉ,ANDULO,CHIVAULO,27202,Escola Primária de Calinda,Escola Primária de Calinda//ANDULO//BIÉ,Escola Primária de Calinda//ANDULO//BIÉ//CHIVAULO//ANDULO,1201040017
39,BIÉ,ANDULO,CALUSSINGA,27045,Escola Primária de Essanjo N 93,Escola Primária de Essanjo N 93//ANDULO//BIÉ,Escola Primária de Essanjo N 93//ANDULO//BIÉ//CALUSSINGA//ANDULO,1201020005
40,BIÉ,CATABOLA,CATABOLA - SEDE,12740,Escola Primária de Chimbuio,Escola Primária de Chimbuio//CATABOLA//BIÉ,Escola Primária de Chimbuio//CATABOLA//BIÉ//CATABOLA - SEDE//CATABOLA,1206010040
41,BIÉ,CATABOLA,SANDE,12864,Escola Primária de Muquinda,Escola Primária de Muquinda//CATABOLA//BIÉ,Escola Primária de Muquinda//CATABOLA//BIÉ//SANDE//CATABOLA,1206110010
42,BIÉ,CATABOLA,MUQUINDA,12865,Escola Primária de Mussinda,Escola Primária de Mussinda//CATABOLA//BIÉ,Escola Primária de Mussinda//CATABOLA//BIÉ//MUQUINDA//CATABOLA,1206110001
43,BIÉ,CATABOLA,CHIUCA,14227,Escola Primária de Kapoco,Escola Primária de Kapoco//CATABOLA//BIÉ,Escola Primária de Kapoco//CATABOLA//BIÉ//CHIUCA//CATABOLA,1206040014
44,BIÉ,CHINGUAR,CANGOTE,13709,Escola Primária e do I  Ciclo de Cangala,Escola Primária e do I  Ciclo de Cangala//CHINGUAR//BIÉ,Escola Primária e do I  Ciclo de Cangala//CHINGUAR//BIÉ//CANGOTE//CHINGUAR,1205031021
45,BIÉ,CHITEMBO,CHITEMBO - SEDE,12420,Escola Primária de Cacuchi / Luzamba,Escola Primária de Cacuchi / Luzamba//CHITEMBO//BIÉ,Escola Primária de Cacuchi / Luzamba//CHITEMBO//BIÉ//CHITEMBO - SEDE//CHITEMBO,1202020022
46,BIÉ,CUEMBA,CUEMBA - SEDE,14519,Escola Primária nº 302 Kapango,Escola Primária nº 302 Kapango//CUEMBA//BIÉ,Escola Primária nº 302 Kapango//CUEMBA//BIÉ//CUEMBA - SEDE//CUEMBA,1208030302
47,BIÉ,CUITO (KUITO),CUNJE,27112,Escola Primária nº 274 - António da Fonseca,Escola Primária nº 274 - António da Fonseca//CUITO (KUITO)//BIÉ,Escola Primária nº 274 - António da Fonseca//CUITO (KUITO)//BIÉ//CUNJE//CUITO (KUITO),1203030274
48,BIÉ,CUITO (KUITO),CUITO - SEDE,27154,Escola Primária nº 1 - Cantíflas,Escola Primária nº 1 - Cantíflas//CUITO (KUITO)//BIÉ,Escola Primária nº 1 - Cantíflas//CUITO (KUITO)//BIÉ//CUITO - SEDE//CUITO (KUITO),1203010033
49,BIÉ,CUITO (KUITO),CUNJE,13639,"Esc. Primária ""Adriano Kapumba"" Nº 36","Esc. Primária ""Adriano Kapumba"" Nº 36//CUITO (KUITO)//BIÉ","Esc. Primária ""Adriano Kapumba"" Nº 36//CUITO (KUITO)//BIÉ//CUNJE//CUITO (KUITO)",1203030005
50,BIÉ,CUITO (KUITO),CUITO - SEDE,27152,Escola Primária nº 303 - Fernando Samuel Pequenino,Escola Primária nº 303 - Fernando Samuel Pequenino//CUITO (KUITO)//BIÉ,Escola Primária nº 303 - Fernando Samuel Pequenino//CUITO (KUITO)//BIÉ//CUITO - SEDE//CUITO (KUITO),1203010303
51,BIÉ,CUITO (KUITO),CHICALA,26877,Escola Primária N 124 Chambingue,Escola Primária N 124 Chambingue//CUITO (KUITO)//BIÉ,Escola Primária N 124 Chambingue//CUITO (KUITO)//BIÉ//CHICALA//CUITO (KUITO),1203020124
52,BIÉ,CUNHINGA,CUNHINGA - SEDE,27401,Escola Primária de Chitumalo Tunda Chivava,Escola Primária de Chitumalo Tunda Chivava//CUNHINGA//BIÉ,Escola Primária de Chitumalo Tunda Chivava//CUNHINGA//BIÉ//CUNHINGA - SEDE//CUNHINGA,1207010073
53,BIÉ,CUNHINGA,CUNHINGA - SEDE,27417,Escola Primária de Samala,Escola Primária de Samala//CUNHINGA//BIÉ,Escola Primária de Samala//CUNHINGA//BIÉ//CUNHINGA - SEDE//CUNHINGA,1207010021
54,BIÉ,CUNHINGA,CUNHINGA - SEDE,27344,Escola Primária de Ngumbe,Escola Primária de Ngumbe//CUNHINGA//BIÉ,Escola Primária de Ngumbe//CUNHINGA//BIÉ//CUNHINGA - SEDE//CUNHINGA,1207010013
55,BIÉ,NHARÊA,SEDE,25356,Escola Primária Missionária de E.M.I.E.I.A,Escola Primária Missionária de E.M.I.E.I.A//NHARÊA//BIÉ,Escola Primária Missionária de E.M.I.E.I.A//NHARÊA//BIÉ//SEDE//NHARÊA,1209010027
56,BIÉ,NHARÊA,SEDE,13027,Escola Primária de Bento Cahala,Escola Primária de Bento Cahala//NHARÊA//BIÉ,Escola Primária de Bento Cahala//NHARÊA//BIÉ//SEDE//NHARÊA,1209010031
57,BIÉ,NHARÊA,GAMBA,14640,Esc. Primária de Missão- Capango,Esc. Primária de Missão- Capango//NHARÊA//BIÉ,Esc. Primária de Missão- Capango//NHARÊA//BIÉ//GAMBA//NHARÊA,1209020004
58,CABINDA,BELIZE,BELIZE,25753,Escola Primária do Hombe de Baixo,Escola Primária do Hombe de Baixo//BELIZE//CABINDA,Escola Primária do Hombe de Baixo//BELIZE//CABINDA//BELIZE//BELIZE,104020008
59,CABINDA,BUCO ZAU,BUCO ZAU,25847,Escola Primária Cata Buangas,Escola Primária Cata Buangas//BUCO ZAU//CABINDA,Escola Primária Cata Buangas//BUCO ZAU//CABINDA//BUCO ZAU//BUCO ZAU,103010011
60,CABINDA,BUCO ZAU,BUCO ZAU,25849,Escola Primária Dizena,Escola Primária Dizena//BUCO ZAU//CABINDA,Escola Primária Dizena//BUCO ZAU//CABINDA//BUCO ZAU//BUCO ZAU,103010024
61,CABINDA,CABINDA,TANDO ZINZE,26008,Escola Primária Tando Zinze,Escola Primária Tando Zinze//CABINDA//CABINDA,Escola Primária Tando Zinze//CABINDA//CABINDA//TANDO ZINZE//CABINDA,101030007
62,CABINDA,CACONGO,CACONGO,25800,Escola Primária de Luvula,Escola Primária de Luvula//CACONGO//CABINDA,Escola Primária de Luvula//CACONGO//CABINDA//CACONGO//CACONGO,102010013
63,CABINDA,CACONGO,MASSABI,25827,Escola Primária do Ngomongo,Escola Primária do Ngomongo//CACONGO//CABINDA,Escola Primária do Ngomongo//CACONGO//CABINDA//MASSABI//CACONGO,102030004
64,CUANDO CUBANGO,CUANGAR,CUANGAR (SEDE),11856,Escola Primária Nº 06CCC2 do Candendele,Escola Primária Nº 06CCC2 do Candendele//CUANGAR//CUANDO CUBANGO,Escola Primária Nº 06CCC2 do Candendele//CUANGAR//CUANDO CUBANGO//CUANGAR (SEDE)//CUANGAR,1808030003
65,CUANDO CUBANGO,CUCHI,CUTATO,3621,Escola Primária Nº 06CCC3 do Malengue,Escola Primária Nº 06CCC3 do Malengue//CUCHI//CUANDO CUBANGO,Escola Primária Nº 06CCC3 do Malengue//CUCHI//CUANDO CUBANGO//CUTATO//CUCHI,1805020007
66,CUANDO CUBANGO,CUCHI,CUTATO,3610,Escola Primária N 10CCC3 17 de Setembro,Escola Primária N 10CCC3 17 de Setembro//CUCHI//CUANDO CUBANGO,Escola Primária N 10CCC3 17 de Setembro//CUCHI//CUANDO CUBANGO//CUTATO//CUCHI,1805020002
67,CUANDO CUBANGO,CUITO CUANAVALE (KUITO KUANAVALE),LUPIRI,12079,Escola Primária Nº 41CCC4 10 de Dezembro,Escola Primária Nº 41CCC4 10 de Dezembro//CUITO CUANAVALE (KUITO KUANAVALE)//CUANDO CUBANGO,Escola Primária Nº 41CCC4 10 de Dezembro//CUITO CUANAVALE (KUITO KUANAVALE)//CUANDO CUBANGO//LUPIRI//CUITO CUANAVALE (KUITO KUANAVALE),1804010001
68,CUANDO CUBANGO,MAVINGA,MAVINGA (SEDE),3652,Complexo Escolar Nº 21CCM1  4 de Abril,Complexo Escolar Nº 21CCM1  4 de Abril//MAVINGA//CUANDO CUBANGO,Complexo Escolar Nº 21CCM1  4 de Abril//MAVINGA//CUANDO CUBANGO//MAVINGA (SEDE)//MAVINGA,1802010004
69,CUANDO CUBANGO,MENONGUE,MENONGUE (SEDE),3693,Complexo Escolar Nº 16CCM2 4 de Abril,Complexo Escolar Nº 16CCM2 4 de Abril//MENONGUE//CUANDO CUBANGO,Complexo Escolar Nº 16CCM2 4 de Abril//MENONGUE//CUANDO CUBANGO//MENONGUE (SEDE)//MENONGUE,1801022016
70,CUANZA NORTE ,AMBACA,KAMABATELA,4039,Escola Primária do Donga,Escola Primária do Donga//AMBACA//CUANZA NORTE ,Escola Primária do Donga//AMBACA//CUANZA NORTE //KAMABATELA//AMBACA,605010008
71,CUANZA NORTE ,AMBACA,KAMABATELA,3890,Escola Primária Nº 23,Escola Primária Nº 23//AMBACA//CUANZA NORTE ,Escola Primária Nº 23//AMBACA//CUANZA NORTE //KAMABATELA//AMBACA,605010002
72,CUANZA NORTE ,AMBACA,LUINGA,4001,Escola do Luamba Munuma,Escola do Luamba Munuma//AMBACA//CUANZA NORTE ,Escola do Luamba Munuma//AMBACA//CUANZA NORTE //LUINGA//AMBACA,605050017
73,CUANZA NORTE ,CAZENGO,NDALATANDO,18686,Escola de Catome de Baixo,Escola de Catome de Baixo//CAZENGO//CUANZA NORTE ,Escola de Catome de Baixo//CAZENGO//CUANZA NORTE //NDALATANDO//CAZENGO,601011005
74,CUANZA NORTE ,CAZENGO,CANHOCA (SEDE),3918,Escola Primária do Bairro Azul,Escola Primária do Bairro Azul//CAZENGO//CUANZA NORTE ,Escola Primária do Bairro Azul//CAZENGO//CUANZA NORTE //CANHOCA (SEDE)//CAZENGO,601012001
75,CUANZA NORTE ,CAZENGO,NDALATANDO,18667,Escola da Vieta,Escola da Vieta//CAZENGO//CUANZA NORTE ,Escola da Vieta//CAZENGO//CUANZA NORTE //NDALATANDO//CAZENGO,601011001
76,CUANZA SUL,AMBOÍM,GABELA,11873,Escola Primária Augusto Ngangula - Amboim,Escola Primária Augusto Ngangula - Amboim//AMBOÍM//CUANZA SUL,Escola Primária Augusto Ngangula - Amboim//AMBOÍM//CUANZA SUL//GABELA//AMBOÍM,703010021
77,CUANZA SUL,AMBOÍM,SALINAS,17901,Escola Primária Nova Ereira,Escola Primária Nova Ereira//AMBOÍM//CUANZA SUL,Escola Primária Nova Ereira//AMBOÍM//CUANZA SUL//SALINAS//AMBOÍM,703060001
78,CUANZA SUL,CASSONGUE,PAMBAGALA,17943,Escola Primária Quiundo,Escola Primária Quiundo//CASSONGUE//CUANZA SUL,Escola Primária Quiundo//CASSONGUE//CUANZA SUL//PAMBAGALA//CASSONGUE,704020001
79,CUANZA SUL,CASSONGUE,DUMBI,12099,Escola Primária Caundi,Escola Primária Caundi//CASSONGUE//CUANZA SUL,Escola Primária Caundi//CASSONGUE//CUANZA SUL//DUMBI//CASSONGUE,704030011
80,CUANZA SUL,CASSONGUE,DUMBI,17925,Escola Primária Do Dumbi,Escola Primária Do Dumbi//CASSONGUE//CUANZA SUL,Escola Primária Do Dumbi//CASSONGUE//CUANZA SUL//DUMBI//CASSONGUE,704030005
81,CUANZA SUL,CASSONGUE,DUMBI,17929,Escola Primária Jamba (Cassongue ),Escola Primária Jamba (Cassongue )//CASSONGUE//CUANZA SUL,Escola Primária Jamba (Cassongue )//CASSONGUE//CUANZA SUL//DUMBI//CASSONGUE,704030015
82,CUANZA SUL,CELA,WACO - KUNGO,11997,Escola Primária Nº 82,Escola Primária Nº 82//CELA//CUANZA SUL,Escola Primária Nº 82//CELA//CUANZA SUL//WACO - KUNGO//CELA,708020035
83,CUANZA SUL,CELA,WACO - KUNGO,17980,Escola Primária De Mbanza Mussende,Escola Primária De Mbanza Mussende//CELA//CUANZA SUL,Escola Primária De Mbanza Mussende//CELA//CUANZA SUL//WACO - KUNGO//CELA,708020031
84,CUANZA SUL,CELA,KISSANGA KUNGO,17982,Escola Primária Mbanza Utue,Escola Primária Mbanza Utue//CELA//CUANZA SUL,Escola Primária Mbanza Utue//CELA//CUANZA SUL//KISSANGA KUNGO//CELA,708030018
85,CUANZA SUL,CELA,SANGA,17998,Escola Primária Mbala Sanga,Escola Primária Mbala Sanga//CELA//CUANZA SUL,Escola Primária Mbala Sanga//CELA//CUANZA SUL//SANGA//CELA,708010001
86,CUANZA SUL,CELA,SANGA,18000,Escola Primária Mbanza Kacole,Escola Primária Mbanza Kacole//CELA//CUANZA SUL,Escola Primária Mbanza Kacole//CELA//CUANZA SUL//SANGA//CELA,708010008
87,CUANZA SUL,CONDA,CONDA (SEDE),11916,Escola Primária Nº 138,Escola Primária Nº 138//CONDA//CUANZA SUL,Escola Primária Nº 138//CONDA//CUANZA SUL//CONDA (SEDE)//CONDA,712010138
88,CUANZA SUL,EBO,CHOA,12119,Escola Primária Da Banza-Choa,Escola Primária Da Banza-Choa//EBO//CUANZA SUL,Escola Primária Da Banza-Choa//EBO//CUANZA SUL//CHOA//EBO,711070005
89,CUANZA SUL,MUSSENDE,MUSSENDE (SEDE),18192,Escola Primária Kacolo Km 40,Escola Primária Kacolo Km 40//MUSSENDE//CUANZA SUL,Escola Primária Kacolo Km 40//MUSSENDE//CUANZA SUL//MUSSENDE (SEDE)//MUSSENDE,709010002
90,CUANZA SUL,PORTO AMBOÍM,PORTO AMBOIM (SEDE),18248,Escola Primária Do Chol Chol,Escola Primária Do Chol Chol//PORTO AMBOÍM//CUANZA SUL,Escola Primária Do Chol Chol//PORTO AMBOÍM//CUANZA SUL//PORTO AMBOIM (SEDE)//PORTO AMBOÍM,705020026
91,CUANZA SUL,PORTO AMBOÍM,PORTO AMBOIM (SEDE),18258,Escola Primária Joaquim Bondo,Escola Primária Joaquim Bondo//PORTO AMBOÍM//CUANZA SUL,Escola Primária Joaquim Bondo//PORTO AMBOÍM//CUANZA SUL//PORTO AMBOIM (SEDE)//PORTO AMBOÍM,705020045
92,CUANZA SUL,QUIBALA,QUIBALA (SEDE),18102,Escola Primária Do Cabezo,Escola Primária Do Cabezo//QUIBALA//CUANZA SUL,Escola Primária Do Cabezo//QUIBALA//CUANZA SUL//QUIBALA (SEDE)//QUIBALA,706010018
93,CUANZA SUL,QUILENDA,QUILENDA (SEDE),18151,Complexo Escolar 4 De Abril Do Kissengue,Complexo Escolar 4 De Abril Do Kissengue//QUILENDA//CUANZA SUL,Complexo Escolar 4 De Abril Do Kissengue//QUILENDA//CUANZA SUL//QUILENDA (SEDE)//QUILENDA,710010016
94,CUANZA SUL,SELES,AMBOIVA,18284,Escola Primária Dr. Antonio Agostinho Neto - Seles,Escola Primária Dr. Antonio Agostinho Neto - Seles//SELES//CUANZA SUL,Escola Primária Dr. Antonio Agostinho Neto - Seles//SELES//CUANZA SUL//AMBOIVA//SELES,707020007
95,CUANZA SUL,SUMBE,SUMBE (SEDE),18365,Escola Primária 22 de Novembro (Sumbe),Escola Primária 22 de Novembro (Sumbe)//SUMBE//CUANZA SUL,Escola Primária 22 de Novembro (Sumbe)//SUMBE//CUANZA SUL//SUMBE (SEDE)//SUMBE,701010026
96,CUNENE,CUANHAMA (KWANHAMA),ONDJIVA,1577,Escola Primária de Ekuma II,Escola Primária de Ekuma II//CUANHAMA (KWANHAMA)//CUNENE,Escola Primária de Ekuma II//CUANHAMA (KWANHAMA)//CUNENE//ONDJIVA//CUANHAMA (KWANHAMA),1702010043
97,CUNENE,CUANHAMA (KWANHAMA),ONDJIVA,1591,Escola Primária de Kapakupaku,Escola Primária de Kapakupaku//CUANHAMA (KWANHAMA)//CUNENE,Escola Primária de Kapakupaku//CUANHAMA (KWANHAMA)//CUNENE//ONDJIVA//CUANHAMA (KWANHAMA),1702010074
98,CUNENE,CUANHAMA (KWANHAMA),ONDJIVA,1656,Ondukussu,Ondukussu//CUANHAMA (KWANHAMA)//CUNENE,Ondukussu//CUANHAMA (KWANHAMA)//CUNENE//ONDJIVA//CUANHAMA (KWANHAMA),1702010069
99,CUNENE,CUROCA,CHITADO,1076,Chitapawa,Chitapawa//CUROCA//CUNENE,Chitapawa//CUROCA//CUNENE//CHITADO//CUROCA,1703020010
100,CUNENE,CUVELAI,CALONGA,1015,"Escola Primária ""14 de Abril da Kalonga","Escola Primária ""14 de Abril da Kalonga//CUVELAI//CUNENE","Escola Primária ""14 de Abril da Kalonga//CUVELAI//CUNENE//CALONGA//CUVELAI",1705040017
101,CUNENE,CUVELAI,MUKOLONGODJO,1299,Escola Primária do Km 27,Escola Primária do Km 27//CUVELAI//CUNENE,Escola Primária do Km 27//CUVELAI//CUNENE//MUKOLONGODJO//CUVELAI,1705020012
102,CUNENE,NAMACUNDE,CHIEDI,1035,Escola Primária de Chiedi - Sede,Escola Primária de Chiedi - Sede//NAMACUNDE//CUNENE,Escola Primária de Chiedi - Sede//NAMACUNDE//CUNENE//CHIEDI//NAMACUNDE,1706020019
103,CUNENE,NAMACUNDE,NAMACUNDE,1390,Escola Primária de Omutaku II - Namacunde,Escola Primária de Omutaku II - Namacunde//NAMACUNDE//CUNENE,Escola Primária de Omutaku II - Namacunde//NAMACUNDE//CUNENE//NAMACUNDE//NAMACUNDE,1706010027
104,CUNENE,NAMACUNDE,CHIEDI,1069,Escola Primária de Ongwe,Escola Primária de Ongwe//NAMACUNDE//CUNENE,Escola Primária de Ongwe//NAMACUNDE//CUNENE//CHIEDI//NAMACUNDE,1706020020
105,CUNENE,NAMACUNDE,NAMACUNDE,1382,Escola Primária de Okwadjomudi,Escola Primária de Okwadjomudi//NAMACUNDE//CUNENE,Escola Primária de Okwadjomudi//NAMACUNDE//CUNENE//NAMACUNDE//NAMACUNDE,1706010005
106,CUNENE,NAMACUNDE,NAMACUNDE,1371,Escola Primária de Okamume,Escola Primária de Okamume//NAMACUNDE//CUNENE,Escola Primária de Okamume//NAMACUNDE//CUNENE//NAMACUNDE//NAMACUNDE,1706010001
107,CUNENE,OMBADJA,XANGONGO,1784,Vau do Pembe (Shangalala),Vau do Pembe (Shangalala)//OMBADJA//CUNENE,Vau do Pembe (Shangalala)//OMBADJA//CUNENE//XANGONGO//OMBADJA,1701050021
108,HUAMBO,BAILUNDO,BIMBE,26148,Escola Primária da Sangua,Escola Primária da Sangua//BAILUNDO//HUAMBO,Escola Primária da Sangua//BAILUNDO//HUAMBO//BIMBE//BAILUNDO,1301010006
109,HUAMBO,BAILUNDO,LUVEMBA,16094,Escola Primária Bango,Escola Primária Bango//BAILUNDO//HUAMBO,Escola Primária Bango//BAILUNDO//HUAMBO//LUVEMBA//BAILUNDO,1301040009
110,HUAMBO,BAILUNDO,LUVEMBA,16101,Escola Primária Cachimbuelengue,Escola Primária Cachimbuelengue//BAILUNDO//HUAMBO,Escola Primária Cachimbuelengue//BAILUNDO//HUAMBO//LUVEMBA//BAILUNDO,1301040010
111,HUAMBO,BAILUNDO,BAILUNDO,26135,Escola Primária de Chissanji,Escola Primária de Chissanji//BAILUNDO//HUAMBO,Escola Primária de Chissanji//BAILUNDO//HUAMBO//BAILUNDO//BAILUNDO,1301020040
112,HUAMBO,CAÁLA,CAALA,4979,Escola Primária nº4 CRC III,Escola Primária nº4 CRC III//CAÁLA//HUAMBO,Escola Primária nº4 CRC III//CAÁLA//HUAMBO//CAALA//CAÁLA,1304010026
113,HUAMBO,CACHIUNGO (CATCHIUNGO),KACHIUNGO,25695,Escola Primária de Melica,Escola Primária de Melica//CACHIUNGO (CATCHIUNGO)//HUAMBO,Escola Primária de Melica//CACHIUNGO (CATCHIUNGO)//HUAMBO//KACHIUNGO//CACHIUNGO (CATCHIUNGO),1306030051
114,HUAMBO,CACHIUNGO (CATCHIUNGO),KACHIUNGO,4649,Escola Primária da Aldeia de Vinte e Sete,Escola Primária da Aldeia de Vinte e Sete//CACHIUNGO (CATCHIUNGO)//HUAMBO,Escola Primária da Aldeia de Vinte e Sete//CACHIUNGO (CATCHIUNGO)//HUAMBO//KACHIUNGO//CACHIUNGO (CATCHIUNGO),1306030035
115,HUAMBO,CACHIUNGO (CATCHIUNGO),KACHIUNGO,4652,Escola Primária da Aldeia de Sede,Escola Primária da Aldeia de Sede//CACHIUNGO (CATCHIUNGO)//HUAMBO,Escola Primária da Aldeia de Sede//CACHIUNGO (CATCHIUNGO)//HUAMBO//KACHIUNGO//CACHIUNGO (CATCHIUNGO),1306030042
116,HUAMBO,CACHIUNGO (CATCHIUNGO),KACHIUNGO,4660,Escola Primária da Aldeia de Sachipoco,Escola Primária da Aldeia de Sachipoco//CACHIUNGO (CATCHIUNGO)//HUAMBO,Escola Primária da Aldeia de Sachipoco//CACHIUNGO (CATCHIUNGO)//HUAMBO//KACHIUNGO//CACHIUNGO (CATCHIUNGO),1306030057
117,HUAMBO,CACHIUNGO (CATCHIUNGO),CHIUMBO,18909,Escola Primária I e II Ciclo do Magistério da Vavayela,Escola Primária I e II Ciclo do Magistério da Vavayela//CACHIUNGO (CATCHIUNGO)//HUAMBO,Escola Primária I e II Ciclo do Magistério da Vavayela//CACHIUNGO (CATCHIUNGO)//HUAMBO//CHIUMBO//CACHIUNGO (CATCHIUNGO),1306010003
118,HUAMBO,CHICALA-CHOLOHANGA (TCHICALA-TCHOLOANGA),TCHICALA-TCHOLOANGA,4486,Escola Primária nºde Chitaca,Escola Primária nºde Chitaca//CHICALA-CHOLOHANGA (TCHICALA-TCHOLOANGA)//HUAMBO,Escola Primária nºde Chitaca//CHICALA-CHOLOHANGA (TCHICALA-TCHOLOANGA)//HUAMBO//TCHICALA-TCHOLOANGA//CHICALA-CHOLOHANGA (TCHICALA-TCHOLOANGA),1305030030
119,HUAMBO,CHICALA-CHOLOHANGA (TCHICALA-TCHOLOANGA),TCHICALA-TCHOLOANGA,4487,Escola Primária nº3 de Boas Águas,Escola Primária nº3 de Boas Águas//CHICALA-CHOLOHANGA (TCHICALA-TCHOLOANGA)//HUAMBO,Escola Primária nº3 de Boas Águas//CHICALA-CHOLOHANGA (TCHICALA-TCHOLOANGA)//HUAMBO//TCHICALA-TCHOLOANGA//CHICALA-CHOLOHANGA (TCHICALA-TCHOLOANGA),1305030011
120,HUAMBO,CHICALA-CHOLOHANGA (TCHICALA-TCHOLOANGA),SAMBO (fusão de 3 escolas),4555,Escola Primária OMBALA SAMBO (4 de Fevereiro),Escola Primária OMBALA SAMBO (4 de Fevereiro)//CHICALA-CHOLOHANGA (TCHICALA-TCHOLOANGA)//HUAMBO,Escola Primária OMBALA SAMBO (4 de Fevereiro)//CHICALA-CHOLOHANGA (TCHICALA-TCHOLOANGA)//HUAMBO//SAMBO (fusão de 3 escolas)//CHICALA-CHOLOHANGA (TCHICALA-TCHOLOANGA),1305010015
121,HUAMBO,CHICALA-CHOLOHANGA (TCHICALA-TCHOLOANGA),TCHICALA-TCHOLOANGA,16434,Escola Primária de Vinheni,Escola Primária de Vinheni//CHICALA-CHOLOHANGA (TCHICALA-TCHOLOANGA)//HUAMBO,Escola Primária de Vinheni//CHICALA-CHOLOHANGA (TCHICALA-TCHOLOANGA)//HUAMBO//TCHICALA-TCHOLOANGA//CHICALA-CHOLOHANGA (TCHICALA-TCHOLOANGA),1305030012
122,HUAMBO,CHINJENJE (TCHINDJENJE),CHINJENJE,5231,Escola Primária Jolomba,Escola Primária Jolomba//CHINJENJE (TCHINDJENJE)//HUAMBO,Escola Primária Jolomba//CHINJENJE (TCHINDJENJE)//HUAMBO//CHINJENJE//CHINJENJE (TCHINDJENJE),1311010021
123,HUAMBO,CHINJENJE (TCHINDJENJE),CHIACA,5265,Escola Primária Wilala,Escola Primária Wilala//CHINJENJE (TCHINDJENJE)//HUAMBO,Escola Primária Wilala//CHINJENJE (TCHINDJENJE)//HUAMBO//CHIACA//CHINJENJE (TCHINDJENJE),1311020016
124,HUAMBO,CHINJENJE (TCHINDJENJE),CHINJENJE,5241,Escola Primária de Kachikela,Escola Primária de Kachikela//CHINJENJE (TCHINDJENJE)//HUAMBO,Escola Primária de Kachikela//CHINJENJE (TCHINDJENJE)//HUAMBO//CHINJENJE//CHINJENJE (TCHINDJENJE),1311010020
125,HUAMBO,ECUNHA (EKUNHA),EKUNHA,4399,Escola Primária de Cália Mamo,Escola Primária de Cália Mamo//ECUNHA (EKUNHA)//HUAMBO,Escola Primária de Cália Mamo//ECUNHA (EKUNHA)//HUAMBO//EKUNHA//ECUNHA (EKUNHA),1310020002
126,HUAMBO,ECUNHA (EKUNHA),EKUNHA,4408,Escola Primária  de Candingo,Escola Primária  de Candingo//ECUNHA (EKUNHA)//HUAMBO,Escola Primária  de Candingo//ECUNHA (EKUNHA)//HUAMBO//EKUNHA//ECUNHA (EKUNHA),1310020027
127,HUAMBO,ECUNHA (EKUNHA),EKUNHA,4413,Escola Primária de Camongue,Escola Primária de Camongue//ECUNHA (EKUNHA)//HUAMBO,Escola Primária de Camongue//ECUNHA (EKUNHA)//HUAMBO//EKUNHA//ECUNHA (EKUNHA),1310020021
128,HUAMBO,ECUNHA (EKUNHA),TCHIPEIO,4448,Escola Primária Cangoti,Escola Primária Cangoti//ECUNHA (EKUNHA)//HUAMBO,Escola Primária Cangoti//ECUNHA (EKUNHA)//HUAMBO//TCHIPEIO//ECUNHA (EKUNHA),1310010004
129,HUAMBO,ECUNHA (EKUNHA),TCHIPEIO,16354,Escola Primária Nº37 Comuna Sede Chipeio,Escola Primária Nº37 Comuna Sede Chipeio//ECUNHA (EKUNHA)//HUAMBO,Escola Primária Nº37 Comuna Sede Chipeio//ECUNHA (EKUNHA)//HUAMBO//TCHIPEIO//ECUNHA (EKUNHA),1310010018
130,HUAMBO,HUAMBO,CALIMA,4809,Escola Primária,Escola Primária//HUAMBO//HUAMBO,Escola Primária//HUAMBO//HUAMBO//CALIMA//HUAMBO,1302020016
131,HUAMBO,HUAMBO,VILINGA,4869,Escola Primária nº102 São João,Escola Primária nº102 São João//HUAMBO//HUAMBO,Escola Primária nº102 São João//HUAMBO//HUAMBO//VILINGA//HUAMBO,1302110013
132,HUAMBO,HUAMBO,BANDEIRA,4899,Escola Primária nº 111,Escola Primária nº 111//HUAMBO//HUAMBO,Escola Primária nº 111//HUAMBO//HUAMBO//BANDEIRA//HUAMBO,1302070111
133,HUAMBO,HUAMBO,BANDEIRA,4904,Escola Primária nº 134 Canhe,Escola Primária nº 134 Canhe//HUAMBO//HUAMBO,Escola Primária nº 134 Canhe//HUAMBO//HUAMBO//BANDEIRA//HUAMBO,1302070134
134,HUAMBO,HUAMBO,CALIMA,15885,Escola Primária nº64 Cossui,Escola Primária nº64 Cossui//HUAMBO//HUAMBO,Escola Primária nº64 Cossui//HUAMBO//HUAMBO//CALIMA//HUAMBO,1302020027
135,HUAMBO,HUAMBO,VILINGA,16157,Escola Primária da  Boa Vista,Escola Primária da  Boa Vista//HUAMBO//HUAMBO,Escola Primária da  Boa Vista//HUAMBO//HUAMBO//VILINGA//HUAMBO,1302110005
136,HUAMBO,HUAMBO,SAMACAU,16184,Escola Primária e I Ciclo do Casseque III,Escola Primária e I Ciclo do Casseque III//HUAMBO//HUAMBO,Escola Primária e I Ciclo do Casseque III//HUAMBO//HUAMBO//SAMACAU//HUAMBO,1302100026
137,HUAMBO,HUAMBO,CHIPIPA,16321,Escola Primária Vila Lombunda,Escola Primária Vila Lombunda//HUAMBO//HUAMBO,Escola Primária Vila Lombunda//HUAMBO//HUAMBO//CHIPIPA//HUAMBO,1302030008
138,HUAMBO,HUAMBO,CALIMA,18808,Escola Primária de Silanjala,Escola Primária de Silanjala//HUAMBO//HUAMBO,Escola Primária de Silanjala//HUAMBO//HUAMBO//CALIMA//HUAMBO,1302020003
139,HUAMBO,LONDUIMBALI,LONDUIMBALI,4918,Escola Primária nº7 Chitaca,Escola Primária nº7 Chitaca//LONDUIMBALI//HUAMBO,Escola Primária nº7 Chitaca//LONDUIMBALI//HUAMBO//LONDUIMBALI//LONDUIMBALI,1303010013
140,HUAMBO,LONDUIMBALI,LONDUIMBALI,4923,Escola Primária nº8 de Cuqueta,Escola Primária nº8 de Cuqueta//LONDUIMBALI//HUAMBO,Escola Primária nº8 de Cuqueta//LONDUIMBALI//HUAMBO//LONDUIMBALI//LONDUIMBALI,1303010006
141,HUAMBO,LONDUIMBALI,ALTO UAMA,4970,Escola Primária nº53 Sede Alto Hama,Escola Primária nº53 Sede Alto Hama//LONDUIMBALI//HUAMBO,Escola Primária nº53 Sede Alto Hama//LONDUIMBALI//HUAMBO//ALTO UAMA//LONDUIMBALI,1303050010
142,HUAMBO,LONGONJO (LONGONGO),SEDE,25416,Escola Primária de Chaquenjenga,Escola Primária de Chaquenjenga//LONGONJO (LONGONGO)//HUAMBO,Escola Primária de Chaquenjenga//LONGONJO (LONGONGO)//HUAMBO//SEDE//LONGONJO (LONGONGO),1308040003
143,HUAMBO,LONGONJO (LONGONGO),CHILATA,4588,Escola Primária de Sawatela,Escola Primária de Sawatela//LONGONJO (LONGONGO)//HUAMBO,Escola Primária de Sawatela//LONGONJO (LONGONGO)//HUAMBO//CHILATA//LONGONJO (LONGONGO),1308030006
144,HUAMBO,LONGONJO (LONGONGO),CHILATA,4595,Escola Primária de Molonjamba,Escola Primária de Molonjamba//LONGONJO (LONGONGO)//HUAMBO,Escola Primária de Molonjamba//LONGONJO (LONGONGO)//HUAMBO//CHILATA//LONGONJO (LONGONGO),1308030008
145,HUAMBO,LONGONJO (LONGONGO),LÉPI,4608,Escola Primária nº 48 de Buluma,Escola Primária nº 48 de Buluma//LONGONJO (LONGONGO)//HUAMBO,Escola Primária nº 48 de Buluma//LONGONJO (LONGONGO)//HUAMBO//LÉPI//LONGONJO (LONGONGO),1308010018
146,HUAMBO,LONGONJO (LONGONGO),SEDE,4625,Escola Primária  Dr. Agostinho Neto,Escola Primária  Dr. Agostinho Neto//LONGONJO (LONGONGO)//HUAMBO,Escola Primária  Dr. Agostinho Neto//LONGONJO (LONGONGO)//HUAMBO//SEDE//LONGONJO (LONGONGO),1308040017
147,HUAMBO,LONGONJO (LONGONGO),LÉPI,15908,Escola Primária da Sede,Escola Primária da Sede//LONGONJO (LONGONGO)//HUAMBO,Escola Primária da Sede//LONGONJO (LONGONGO)//HUAMBO//LÉPI//LONGONJO (LONGONGO),1308010011
148,HUAMBO,LONGONJO (LONGONGO),SEDE,18425,Escola Primária do Compão,Escola Primária do Compão//LONGONJO (LONGONGO)//HUAMBO,Escola Primária do Compão//LONGONJO (LONGONGO)//HUAMBO//SEDE//LONGONJO (LONGONGO),1308040004
149,HUAMBO,MUNGO,KAMBUENGO,4476,Escola Primária nº3 de Caunje,Escola Primária nº3 de Caunje//MUNGO//HUAMBO,Escola Primária nº3 de Caunje//MUNGO//HUAMBO//KAMBUENGO//MUNGO,1307020001
150,HUAMBO,UCUMA,UKUMA,4717,Escola Primária nº 4 - Benfica,Escola Primária nº 4 - Benfica//UCUMA//HUAMBO,Escola Primária nº 4 - Benfica//UCUMA//HUAMBO//UKUMA//UCUMA,1309010007
151,HUAMBO,UCUMA,UKUMA,4724,Escola Primária da Missassa,Escola Primária da Missassa//UCUMA//HUAMBO,Escola Primária da Missassa//UCUMA//HUAMBO//UKUMA//UCUMA,1309010002
152,HUÍLA,CACONDA,WABA,2336,Cupepela,Cupepela//CACONDA//HUÍLA,Cupepela//CACONDA//HUÍLA//WABA//CACONDA,1601030018
153,HUÍLA,CACONDA,CUSSE,2044,Calungo,Calungo//CACONDA//HUÍLA,Calungo//CACONDA//HUÍLA//CUSSE//CACONDA,1601040013
154,HUÍLA,CACULA,VITI VIVALI,2472,Escola nº 227,Escola nº 227//CACULA//HUÍLA,Escola nº 227//CACULA//HUÍLA//VITI VIVALI//CACULA,1614020227
155,HUÍLA,CACULA,CHITUTO,2083,Camucuio II,Camucuio II//CACULA//HUÍLA,Camucuio II//CACULA//HUÍLA//CHITUTO//CACULA,1614010002
156,HUÍLA,CACULA,CHICUAQUEIA,2201,Cavissi I,Cavissi I//CACULA//HUÍLA,Cavissi I//CACULA//HUÍLA//CHICUAQUEIA//CACULA,1614040004
157,HUÍLA,CACULA,CACULA SEDE,1844,Alto Chiva,Alto Chiva//CACULA//HUÍLA,Alto Chiva//CACULA//HUÍLA//CACULA SEDE//CACULA,1614030001
158,HUÍLA,CACULA,CACULA SEDE,3005,Mucamba I,Mucamba I//CACULA//HUÍLA,Mucamba I//CACULA//HUÍLA//CACULA SEDE//CACULA,1614030021
159,HUÍLA,CACULA,VITE VIVALI,2190,Cavi Povoação,Cavi Povoação//CACULA//HUÍLA,Cavi Povoação//CACULA//HUÍLA//VITE VIVALI//CACULA,1614020006
160,HUÍLA,CALUQUEMBE,CALEPI,1981,Caissombo,Caissombo//CALUQUEMBE//HUÍLA,Caissombo//CALUQUEMBE//HUÍLA//CALEPI//CALUQUEMBE,1609030018
161,HUÍLA,CALUQUEMBE,CALEPI,3258,Sambongo,Sambongo//CALUQUEMBE//HUÍLA,Sambongo//CALUQUEMBE//HUÍLA//CALEPI//CALUQUEMBE,1609030008
162,HUÍLA,CALUQUEMBE,CALUQUEMBE SEDE,1944,Cachissome I,Cachissome I//CALUQUEMBE//HUÍLA,Cachissome I//CALUQUEMBE//HUÍLA//CALUQUEMBE SEDE//CALUQUEMBE,1609010073
163,HUÍLA,CALUQUEMBE,NEGOLA,2088,Camuholo I,Camuholo I//CALUQUEMBE//HUÍLA,Camuholo I//CALUQUEMBE//HUÍLA//NEGOLA//CALUQUEMBE,1609020004
164,HUÍLA,CALUQUEMBE,CALUQUEMBE SEDE,2399,Engolonga,Engolonga//CALUQUEMBE//HUÍLA,Engolonga//CALUQUEMBE//HUÍLA//CALUQUEMBE SEDE//CALUQUEMBE,1609010031
165,HUÍLA,CALUQUEMBE,NEGOLA,3504,Ussila Embala,Ussila Embala//CALUQUEMBE//HUÍLA,Ussila Embala//CALUQUEMBE//HUÍLA//NEGOLA//CALUQUEMBE,1609020037
166,HUÍLA,CALUQUEMBE,CALEPI,2333,Cuilo,Cuilo//CALUQUEMBE//HUÍLA,Cuilo//CALUQUEMBE//HUÍLA//CALEPI//CALUQUEMBE,1609030029
167,HUÍLA,CHIBIA,CHIBIA SEDE,2742,Kapangui,Kapangui//CHIBIA//HUÍLA,Kapangui//CHIBIA//HUÍLA//CHIBIA SEDE//CHIBIA,1607010012
168,HUÍLA,CHICOMBA,CHICOMBA SEDE,3545,Vingueve,Vingueve//CHICOMBA//HUÍLA,Vingueve//CHICOMBA//HUÍLA//CHICOMBA SEDE//CHICOMBA,1613010014
169,HUÍLA,CHICOMBA,LIBONGUE,2251,Chilueio,Chilueio//CHICOMBA//HUÍLA,Chilueio//CHICOMBA//HUÍLA//LIBONGUE//CHICOMBA,1613050004
170,HUÍLA,CHICOMBA,CHICOMBA SEDE,2516,Escola nº155,Escola nº155//CHICOMBA//HUÍLA,Escola nº155//CHICOMBA//HUÍLA//CHICOMBA SEDE//CHICOMBA,1613010025
171,HUÍLA,CHIPINDO,CHIPINDO SEDE,2375,Dovala,Dovala//CHIPINDO//HUÍLA,Dovala//CHIPINDO//HUÍLA//CHIPINDO SEDE//CHIPINDO,1612020018
172,HUÍLA,CUVANGO (KUVANGO),CUVANGO SEDE,3235,Popular,Popular//CUVANGO (KUVANGO)//HUÍLA,Popular//CUVANGO (KUVANGO)//HUÍLA//CUVANGO SEDE//CUVANGO (KUVANGO),1605010025
173,HUÍLA,GAMBOS,CHIANGE,2872,Lwano,Lwano//GAMBOS//HUÍLA,Lwano//GAMBOS//HUÍLA//CHIANGE//GAMBOS,1602020013
174,HUÍLA,HUMPATA,PALANCA,2592,Heva,Heva//HUMPATA//HUÍLA,Heva//HUMPATA//HUÍLA//PALANCA//HUMPATA,1603005005
175,HUÍLA,JAMBA,CASSINGA,3095,Mutiapulo,Mutiapulo//JAMBA//HUÍLA,Mutiapulo//JAMBA//HUÍLA//CASSINGA//JAMBA,1611020004
176,HUÍLA,LUBANGO,LUBANGO SEDE,2511,Escola nº 99,Escola nº 99//LUBANGO//HUÍLA,Escola nº 99//LUBANGO//HUÍLA//LUBANGO SEDE//LUBANGO,1604010059
177,HUÍLA,LUBANGO,HOQUE,2582,Hanga,Hanga//LUBANGO//HUÍLA,Hanga//LUBANGO//HUÍLA//HOQUE//LUBANGO,1604020031
178,HUÍLA,LUBANGO,LUBANGO SEDE,2493,Escola nº 59,Escola nº 59//LUBANGO//HUÍLA,Escola nº 59//LUBANGO//HUÍLA//LUBANGO SEDE//LUBANGO,1604010019
179,HUÍLA,LUBANGO,ARIMBA,2953,Mbândua,Mbândua//LUBANGO//HUÍLA,Mbândua//LUBANGO//HUÍLA//ARIMBA//LUBANGO,1604030016
180,HUÍLA,LUBANGO,HOQUE,3363,Tchimbunda,Tchimbunda//LUBANGO//HUÍLA,Tchimbunda//LUBANGO//HUÍLA//HOQUE//LUBANGO,1604020033
181,HUÍLA,LUBANGO,LUBANGO SEDE,2990,Mon Sr. Alves da Cunha,Mon Sr. Alves da Cunha//LUBANGO//HUÍLA,Mon Sr. Alves da Cunha//LUBANGO//HUÍLA//LUBANGO SEDE//LUBANGO,1604010013
182,HUÍLA,MATALA,CAPELONGO,2508,Escola nº 94,Escola nº 94//MATALA//HUÍLA,Escola nº 94//MATALA//HUÍLA//CAPELONGO//MATALA,1610010012
183,HUÍLA,MATALA,MATALA SEDE,2353,Cuvelai Sede,Cuvelai Sede//MATALA//HUÍLA,Cuvelai Sede//MATALA//HUÍLA//MATALA SEDE//MATALA,1610020017
184,HUÍLA,MATALA,MICOSSE,19746,Vindondi,Vindondi//MATALA//HUÍLA,Vindondi//MATALA//HUÍLA//MICOSSE//MATALA,1610070001
185,HUÍLA,QUIPUNGO,QUIPUNGO SEDE,2795,Leonardo Sicufinde,Leonardo Sicufinde//QUIPUNGO//HUÍLA,Leonardo Sicufinde//QUIPUNGO//HUÍLA//QUIPUNGO SEDE//QUIPUNGO,1606005047
186,HUÍLA,QUIPUNGO,QUIPUNGO SEDE,2478,Escola nº 341,Escola nº 341//QUIPUNGO//HUÍLA,Escola nº 341//QUIPUNGO//HUÍLA//QUIPUNGO SEDE//QUIPUNGO,1606005341
187,HUÍLA,QUIPUNGO,HOMBO,2603,Hombo,Hombo//QUIPUNGO//HUÍLA,Hombo//QUIPUNGO//HUÍLA//HOMBO//QUIPUNGO,1606004016
188,HUÍLA,QUIPUNGO,HOMBO,3101,Muvonde,Muvonde//QUIPUNGO//HUÍLA,Muvonde//QUIPUNGO//HUÍLA//HOMBO//QUIPUNGO,1606004008
189,HUÍLA,QUIPUNGO,QUIPUNGO SEDE,3318,Tchankhala,Tchankhala//QUIPUNGO//HUÍLA,Tchankhala//QUIPUNGO//HUÍLA//QUIPUNGO SEDE//QUIPUNGO,1606005028
190,HUÍLA,QUIPUNGO,CHICUNGO,3547,Vinkhwenha,Vinkhwenha//QUIPUNGO//HUÍLA,Vinkhwenha//QUIPUNGO//HUÍLA//CHICUNGO//QUIPUNGO,1606003009
191,HUÍLA,QUIPUNGO,CHICONCO,3407,Tchitunguila A,Tchitunguila A//QUIPUNGO//HUÍLA,Tchitunguila A//QUIPUNGO//HUÍLA//CHICONCO//QUIPUNGO,1606002007
192,HUÍLA,QUIPUNGO,QUIPUNGO SEDE,2380,Ducuta,Ducuta//QUIPUNGO//HUÍLA,Ducuta//QUIPUNGO//HUÍLA//QUIPUNGO SEDE//QUIPUNGO,1606005026
193,LUANDA,BELAS,DISTRITO DE KINGUELA,9959,Escola Primária e I Ciclo nº2066,Escola Primária e I Ciclo nº2066//BELAS//LUANDA,Escola Primária e I Ciclo nº2066//BELAS//LUANDA//DISTRITO DE KINGUELA//BELAS,507030016
194,LUANDA,BELAS,KILAMBA,18526,Escola Primária nº2016,Escola Primária nº2016//BELAS//LUANDA,Escola Primária nº2016//BELAS//LUANDA//KILAMBA//BELAS,507140019
195,LUANDA,CACUACO,CACUACO,19770,Escola Primária e IºCiclo (INICIOU EM 2016),Escola Primária e IºCiclo (INICIOU EM 2016)//CACUACO//LUANDA,Escola Primária e IºCiclo (INICIOU EM 2016)//CACUACO//LUANDA//CACUACO//CACUACO,504010066
196,LUANDA,CAZENGA,DISTRITO 11 DE NOVEMBRO,9990,Escola Primária nº3002/  2019,Escola Primária nº3002/  2019//CAZENGA//LUANDA,Escola Primária nº3002/  2019//CAZENGA//LUANDA//DISTRITO 11 DE NOVEMBRO//CAZENGA,505020004
197,LUANDA,CAZENGA,CAZENGA,10011,Escola Primária nº3020,Escola Primária nº3020//CAZENGA//LUANDA,Escola Primária nº3020//CAZENGA//LUANDA//CAZENGA//CAZENGA,505010084
198,LUANDA,CAZENGA,TALA HADI,10028,Escola Primária nº3035,Escola Primária nº3035//CAZENGA//LUANDA,Escola Primária nº3035//CAZENGA//LUANDA//TALA HADI//CAZENGA,505030028
199,LUANDA,CAZENGA,HOJI YA HENDA,10064,Escola Primária nº3068,Escola Primária nº3068//CAZENGA//LUANDA,Escola Primária nº3068//CAZENGA//LUANDA//HOJI YA HENDA//CAZENGA,505020034
200,LUANDA,CAZENGA,DISTRCTO URBANO KIMAKIEZE,10142,Escola Primária 3100 ex 4063,Escola Primária 3100 ex 4063//CAZENGA//LUANDA,Escola Primária 3100 ex 4063//CAZENGA//LUANDA//DISTRCTO URBANO KIMAKIEZE//CAZENGA,505070006
201,LUANDA,DISTRITO MAIANGA,PRENDA,10474,Escola Primária nº1136,Escola Primária nº1136//DISTRITO MAIANGA//LUANDA,Escola Primária nº1136//DISTRITO MAIANGA//LUANDA//PRENDA//DISTRITO MAIANGA,501013029
202,LUANDA,DISTRITO MAIANGA,DISTRITO DA MAIANGA,10446,Escola Primária nº1110,Escola Primária nº1110//DISTRITO MAIANGA//LUANDA,Escola Primária nº1110//DISTRITO MAIANGA//LUANDA//DISTRITO DA MAIANGA//DISTRITO MAIANGA,501042012
203,LUANDA,DISTRITO MAIANGA,PRENDA,10460,Escola Primária nº1123,Escola Primária nº1123//DISTRITO MAIANGA//LUANDA,Escola Primária nº1123//DISTRITO MAIANGA//LUANDA//PRENDA//DISTRITO MAIANGA,501012005
204,LUANDA,DISTRITO SAMBA,BAIRRO DO MORRO BENTO,9797,Escola Primária nº1012,Escola Primária nº1012//DISTRITO SAMBA//LUANDA,Escola Primária nº1012//DISTRITO SAMBA//LUANDA//BAIRRO DO MORRO BENTO//DISTRITO SAMBA,501063010
205,LUANDA,DISTRITO SAMBA,BAIRRO DA SAMBA,11452,Escola 17 de Setembro,Escola 17 de Setembro//DISTRITO SAMBA//LUANDA,Escola 17 de Setembro//DISTRITO SAMBA//LUANDA//BAIRRO DA SAMBA//DISTRITO SAMBA,501062022
206,LUANDA,ICOLO E BENGO,BOM JESUS,10320,Escola Primária nº6021,Escola Primária nº6021//ICOLO E BENGO//LUANDA,Escola Primária nº6021//ICOLO E BENGO//LUANDA//BOM JESUS//ICOLO E BENGO,502040009
207,LUANDA,ICOLO E BENGO,QUIMINHA,10322,Sacrifício,Sacrifício//ICOLO E BENGO//LUANDA,Sacrifício//ICOLO E BENGO//LUANDA//QUIMINHA//ICOLO E BENGO,502110001
208,LUANDA,ICOLO E BENGO,CABIRI,10329,Escola Primária e Iº Ciclo (ELIMINAR FICHAS DO Iº CICLO TECNI),Escola Primária e Iº Ciclo (ELIMINAR FICHAS DO Iº CICLO TECNI)//ICOLO E BENGO//LUANDA,Escola Primária e Iº Ciclo (ELIMINAR FICHAS DO Iº CICLO TECNI)//ICOLO E BENGO//LUANDA//CABIRI//ICOLO E BENGO,502030006
209,LUANDA,ICOLO E BENGO,BOM JESUS,19803,Escola do Ensino Primário,Escola do Ensino Primário//ICOLO E BENGO//LUANDA,Escola do Ensino Primário//ICOLO E BENGO//LUANDA//BOM JESUS//ICOLO E BENGO,502040004
210,LUANDA,KILAMBA KIAXI,BAIRRO DO PALANCA,9856,Escola Primária nº1215 IEBA-2,Escola Primária nº1215 IEBA-2//KILAMBA KIAXI//LUANDA,Escola Primária nº1215 IEBA-2//KILAMBA KIAXI//LUANDA//BAIRRO DO PALANCA//KILAMBA KIAXI,508054016
211,LUANDA,KILAMBA KIAXI,BAIRRO DE GOLFE,9876,Escola Primária e I Ciclo nº1230,Escola Primária e I Ciclo nº1230//KILAMBA KIAXI//LUANDA,Escola Primária e I Ciclo nº1230//KILAMBA KIAXI//LUANDA//BAIRRO DE GOLFE//KILAMBA KIAXI,508053058
212,LUANDA,KILAMBA KIAXI,DISTRITO DA SAPÚ,9877,Escola Primária e I Ciclo nº1231,Escola Primária e I Ciclo nº1231//KILAMBA KIAXI//LUANDA,Escola Primária e I Ciclo nº1231//KILAMBA KIAXI//LUANDA//DISTRITO DA SAPÚ//KILAMBA KIAXI,508053026
213,LUANDA,KILAMBA KIAXI,BAIRRO DA SAPÚ,11424,Esmirna,Esmirna//KILAMBA KIAXI//LUANDA,Esmirna//KILAMBA KIAXI//LUANDA//BAIRRO DA SAPÚ//KILAMBA KIAXI,508053038
214,LUANDA,LUANDA - DISTRITO RANGEL,DISTRITO DO RANGEL,9806,Escola Primária N 1167,Escola Primária N 1167//LUANDA - DISTRITO RANGEL//LUANDA,Escola Primária N 1167//LUANDA - DISTRITO RANGEL//LUANDA//DISTRITO DO RANGEL//LUANDA - DISTRITO RANGEL,501022001
215,LUANDA,QUIÇAMA (QUISSAMA),KIXINGE,10428,Escola Primária nº7012- Kixinge/Sede,Escola Primária nº7012- Kixinge/Sede//QUIÇAMA (QUISSAMA)//LUANDA,Escola Primária nº7012- Kixinge/Sede//QUIÇAMA (QUISSAMA)//LUANDA//KIXINGE//QUIÇAMA (QUISSAMA),503030001
216,LUANDA,TALATONA,TALATONA,18595,Carlos Kitongo,Carlos Kitongo//TALATONA//LUANDA,Carlos Kitongo//TALATONA//LUANDA//TALATONA//TALATONA,507140011
217,LUANDA,TALATONA,TALATONA,18600,Escola 2104,Escola 2104//TALATONA//LUANDA,Escola 2104//TALATONA//LUANDA//TALATONA//TALATONA,507140020
218,LUANDA,TALATONA,MUSSULO,9974,Escola Primária Nº 9044 Ex.2079,Escola Primária Nº 9044 Ex.2079//TALATONA//LUANDA,Escola Primária Nº 9044 Ex.2079//TALATONA//LUANDA//MUSSULO//TALATONA,507010004
219,LUANDA,VIANA,BAIRRO RIGEDORIA,10279,Escola Primária nº5098,Escola Primária nº5098//VIANA//LUANDA,Escola Primária nº5098//VIANA//LUANDA//BAIRRO RIGEDORIA//VIANA,506010201
220,LUANDA,VIANA,ESTALAGEM,10197,Escola Primária e I Ciclo nº5023,Escola Primária e I Ciclo nº5023//VIANA//LUANDA,Escola Primária e I Ciclo nº5023//VIANA//LUANDA//ESTALAGEM//VIANA,506010008
221,LUANDA,VIANA,CALUMBO,10202,Escola Primária nº5028,Escola Primária nº5028//VIANA//LUANDA,Escola Primária nº5028//VIANA//LUANDA//CALUMBO//VIANA,506010225
222,LUANDA,VIANA,BAIRRO CAPALANGA,10277,Escola Primária nº5096,Escola Primária nº5096//VIANA//LUANDA,Escola Primária nº5096//VIANA//LUANDA//BAIRRO CAPALANGA//VIANA,506010321
223,LUANDA,VIANA,Sapú 2 Jacinto Chipa,10901,Escola Primária nº 5122,Escola Primária nº 5122//VIANA//LUANDA,Escola Primária nº 5122//VIANA//LUANDA//Sapú 2 Jacinto Chipa//VIANA,506010468
224,LUANDA,VIANA,CALUMBO,10192,Escola Primária e I Ciclo N 5019,Escola Primária e I Ciclo N 5019//VIANA//LUANDA,Escola Primária e I Ciclo N 5019//VIANA//LUANDA//CALUMBO//VIANA,506010471
225,LUNDA NORTE,CHITATO (TCHITATO),BAIRRO CAMAQUENZO 2.,16500,Escola Primária do Carinhenga,Escola Primária do Carinhenga//CHITATO (TCHITATO)//LUNDA NORTE,Escola Primária do Carinhenga//CHITATO (TCHITATO)//LUNDA NORTE//BAIRRO CAMAQUENZO 2.//CHITATO (TCHITATO),903090002
226,LUNDA NORTE,CUILO,SEDE DA COMUNAL,12074,Escola Primaria do Namesso,Escola Primaria do Namesso//CUILO//LUNDA NORTE,Escola Primaria do Namesso//CUILO//LUNDA NORTE//SEDE DA COMUNAL//CUILO,901012003
227,LUNDA NORTE,CUILO,SEDE DA COMUNAL,8192,Escola Primaria do Caluango,Escola Primaria do Caluango//CUILO//LUNDA NORTE,Escola Primaria do Caluango//CUILO//LUNDA NORTE//SEDE DA COMUNAL//CUILO,901012002
228,LUNDA NORTE,LUBALO,BAIRRO QUELELE,8180,Escola Primaria do Quelele,Escola Primaria do Quelele//LUBALO//LUNDA NORTE,Escola Primaria do Quelele//LUBALO//LUNDA NORTE//BAIRRO QUELELE//LUBALO,904080001
229,LUNDA NORTE,LUCAPA,CATOKA - SACASAU,8189,Escola Primaria do Sambaia,Escola Primaria do Sambaia//LUCAPA//LUNDA NORTE,Escola Primaria do Sambaia//LUCAPA//LUNDA NORTE//CATOKA - SACASAU//LUCAPA,907041001
230,LUNDA NORTE,XÁ-MUTEBA,SEDE MUNICIPAL,24124,Escola Primaria,Escola Primaria//XÁ-MUTEBA//LUNDA NORTE,Escola Primaria//XÁ-MUTEBA//LUNDA NORTE//SEDE MUNICIPAL//XÁ-MUTEBA,909010003
231,LUNDA NORTE,XÁ-MUTEBA,SEDE MUNICIPAL,24132,Escola Primaria Kitamba Kia-Keta,Escola Primaria Kitamba Kia-Keta//XÁ-MUTEBA//LUNDA NORTE,Escola Primaria Kitamba Kia-Keta//XÁ-MUTEBA//LUNDA NORTE//SEDE MUNICIPAL//XÁ-MUTEBA,909010001
232,LUNDA SUL,CACOLO,CACOLO - SEDE (Comparticipada),16521,Escola Primária São José Freinadmetz,Escola Primária São José Freinadmetz//CACOLO//LUNDA SUL,Escola Primária São José Freinadmetz//CACOLO//LUNDA SUL//CACOLO - SEDE (Comparticipada)//CACOLO,1003040001
233,LUNDA SUL,DALA,DALA - SEDE,18755,Escola Primário  Mungundja,Escola Primário  Mungundja//DALA//LUNDA SUL,Escola Primário  Mungundja//DALA//LUNDA SUL//DALA - SEDE//DALA,1004010019
234,LUNDA SUL,MUCONDA,MUCONDA - SEDE,25427,Escola Primaria Antigos Combatente,Escola Primaria Antigos Combatente//MUCONDA//LUNDA SUL,Escola Primaria Antigos Combatente//MUCONDA//LUNDA SUL//MUCONDA - SEDE//MUCONDA,1002040007
235,LUNDA SUL,MUCONDA,CASSAI - SUL,14746,Escola Primaria liberdade,Escola Primaria liberdade//MUCONDA//LUNDA SUL,Escola Primaria liberdade//MUCONDA//LUNDA SUL//CASSAI - SUL//MUCONDA,1002020008
236,LUNDA SUL,SAURIMO,SAURIMO - SEDE,11733,11 de Novembro,11 de Novembro//SAURIMO//LUNDA SUL,11 de Novembro//SAURIMO//LUNDA SUL//SAURIMO - SEDE//SAURIMO,1001010007
237,LUNDA SUL,SAURIMO,SAURIMO - SEDE,25226,Complexo Escolar  Muono waha,Complexo Escolar  Muono waha//SAURIMO//LUNDA SUL,Complexo Escolar  Muono waha//SAURIMO//LUNDA SUL//SAURIMO - SEDE//SAURIMO,1001010019
238,LUNDA SUL,SAURIMO,SAURIMO - SEDE,11780,Escola primaria do Bairro Verde,Escola primaria do Bairro Verde//SAURIMO//LUNDA SUL,Escola primaria do Bairro Verde//SAURIMO//LUNDA SUL//SAURIMO - SEDE//SAURIMO,1001010036
239,LUNDA SUL,SAURIMO,SAURIMO - SEDE,14757,Escola Primaria Luar,Escola Primaria Luar//SAURIMO//LUNDA SUL,Escola Primaria Luar//SAURIMO//LUNDA SUL//SAURIMO - SEDE//SAURIMO,1001010040
240,MALANJE,KIWABA NZOJI (CUABA NZOGO),KIWABA NZOJI (SEDE),8433,Escola Primária do Lutau Nº6,Escola Primária do Lutau Nº6//KIWABA NZOJI (CUABA NZOGO)//MALANJE,Escola Primária do Lutau Nº6//KIWABA NZOJI (CUABA NZOGO)//MALANJE//KIWABA NZOJI (SEDE)//KIWABA NZOJI (CUABA NZOGO),813010004
241,MALANJE,MALANJE,MALANGE (SEDE),25113,Escola Primária Cambundi do Cuiji,Escola Primária Cambundi do Cuiji//MALANJE//MALANJE,Escola Primária Cambundi do Cuiji//MALANJE//MALANJE//MALANGE (SEDE)//MALANJE,802010020
242,MALANJE,QUIRIMA,QUIRIMA (SEDE),8372,Escola Primaria Xindingo,Escola Primaria Xindingo//QUIRIMA//MALANJE,Escola Primaria Xindingo//QUIRIMA//MALANJE//QUIRIMA (SEDE)//QUIRIMA,807020001
243,MOXICO,ALTO ZAMBEZE,CAIANDA,13135,Escola Primária Nº209 Caianda,Escola Primária Nº209 Caianda//ALTO ZAMBEZE//MOXICO,Escola Primária Nº209 Caianda//ALTO ZAMBEZE//MOXICO//CAIANDA//ALTO ZAMBEZE,1103050002
244,MOXICO,ALTO ZAMBEZE,ALTO ZAMBEZE,13198,Escola Primária Nº578 Kamuzanguissa,Escola Primária Nº578 Kamuzanguissa//ALTO ZAMBEZE//MOXICO,Escola Primária Nº578 Kamuzanguissa//ALTO ZAMBEZE//MOXICO//ALTO ZAMBEZE//ALTO ZAMBEZE,1103130014
245,MOXICO,CAMANONGUE,CAMANONGUE,12037,Calundungo,Calundungo//CAMANONGUE//MOXICO,Calundungo//CAMANONGUE//MOXICO//CAMANONGUE//CAMANONGUE,1107000001
246,MOXICO,CAMANONGUE,CAMANONGUE,12075,Kamuleque,Kamuleque//CAMANONGUE//MOXICO,Kamuleque//CAMANONGUE//MOXICO//CAMANONGUE//CAMANONGUE,1107000003
247,MOXICO,LÉUA,Liangongo,12182,Escola primária - Eurico Caumba Sede,Escola primária - Eurico Caumba Sede//LÉUA//MOXICO,Escola primária - Eurico Caumba Sede//LÉUA//MOXICO//Liangongo//LÉUA,1109010004
248,MOXICO,LUAU,LUAU,12231,ESCOLA PRIMARIA 78/luau,ESCOLA PRIMARIA 78/luau//LUAU//MOXICO,ESCOLA PRIMARIA 78/luau//LUAU//MOXICO//LUAU//LUAU,1108000010
249,MOXICO,LUCHAZES,MUIE,12044,Escola Primária Nº107,Escola Primária Nº107//LUCHAZES//MOXICO,Escola Primária Nº107//LUCHAZES//MOXICO//MUIE//LUCHAZES,1102050001
250,MOXICO,MOXICO,LUENA,14712,Escola Primária Nº172 Sinai Novo,Escola Primária Nº172 Sinai Novo//MOXICO//MOXICO,Escola Primária Nº172 Sinai Novo//MOXICO//MOXICO//LUENA//MOXICO,1101030006
251,NAMIBE,BIBALA,LOLA,621,Tchitemo +2,Tchitemo +2//BIBALA//NAMIBE,Tchitemo +2//BIBALA//NAMIBE//LOLA//BIBALA,1503040001
252,NAMIBE,BIBALA,CAITOU,624,Muvanda +5,Muvanda +5//BIBALA//NAMIBE,Muvanda +5//BIBALA//NAMIBE//CAITOU//BIBALA,1503020001
253,NAMIBE,BIBALA,KAPANGOMBE,626,Caraculo +2,Caraculo +2//BIBALA//NAMIBE,Caraculo +2//BIBALA//NAMIBE//KAPANGOMBE//BIBALA,1503030001
254,NAMIBE,MOÇÂMEDES (NAMIBE),SANTA RITA,552,4 de Janeiro,4 de Janeiro//MOÇÂMEDES (NAMIBE)//NAMIBE,4 de Janeiro//MOÇÂMEDES (NAMIBE)//NAMIBE//SANTA RITA//MOÇÂMEDES (NAMIBE),1501040046
255,NAMIBE,TÔMBWA (TÔMBUA),TÔMBWA SEDE,593,Rocha Magalhães,Rocha Magalhães//TÔMBWA (TÔMBUA)//NAMIBE,Rocha Magalhães//TÔMBWA (TÔMBUA)//NAMIBE//TÔMBWA SEDE//TÔMBWA (TÔMBUA),1502030006
256,UÍGE,ALTO CAUALE,CANGOLA,23504,Escola Primária 801 Caúca,Escola Primária 801 Caúca//ALTO CAUALE//UÍGE,Escola Primária 801 Caúca//ALTO CAUALE//UÍGE//CANGOLA//ALTO CAUALE,313010013
257,UÍGE,BUENGAS,CUILO CAMBOZO,22649,Escola Primária de Quimalungo Capela,Escola Primária de Quimalungo Capela//BUENGAS//UÍGE,Escola Primária de Quimalungo Capela//BUENGAS//UÍGE//CUILO CAMBOZO//BUENGAS,316030015
258,UÍGE,BUENGAS,CUILO CAMBOZO,22654,Escola Primária de Mbanza Quifua,Escola Primária de Mbanza Quifua//BUENGAS//UÍGE,Escola Primária de Mbanza Quifua//BUENGAS//UÍGE//CUILO CAMBOZO//BUENGAS,316030006
259,UÍGE,BUENGAS,BUENGA SUL,22661,Escola Primária de Quipedro,Escola Primária de Quipedro//BUENGAS//UÍGE,Escola Primária de Quipedro//BUENGAS//UÍGE//BUENGA SUL//BUENGAS,316010015
260,UÍGE,BUENGAS,BUENGA SUL,22671,Escola Primária de Mbanza Cumi,Escola Primária de Mbanza Cumi//BUENGAS//UÍGE,Escola Primária de Mbanza Cumi//BUENGAS//UÍGE//BUENGA SUL//BUENGAS,316010005
261,UÍGE,DANGE-QUITEXE,SR - COMUNA SEM REGISTO,22619,Escola Primária de Quimbinda,Escola Primária de Quimbinda//DANGE-QUITEXE//UÍGE,Escola Primária de Quimbinda//DANGE-QUITEXE//UÍGE//SR - COMUNA SEM REGISTO//DANGE-QUITEXE,301080006
262,UÍGE,MAQUELA DO ZOMBO,MAQUELA DO ZOBMBO-SEDE,22863,Escola Primária nº3,Escola Primária nº3//MAQUELA DO ZOMBO//UÍGE,Escola Primária nº3//MAQUELA DO ZOMBO//UÍGE//MAQUELA DO ZOBMBO-SEDE//MAQUELA DO ZOMBO,306010032
263,UÍGE,MAQUELA DO ZOMBO,CUILO FUTA,22912,Escola Primária da sede cuilo futa,Escola Primária da sede cuilo futa//MAQUELA DO ZOMBO//UÍGE,Escola Primária da sede cuilo futa//MAQUELA DO ZOMBO//UÍGE//CUILO FUTA//MAQUELA DO ZOMBO,306050002
264,UÍGE,MAQUELA DO ZOMBO,BÉU,22932,Escola Primária de Kimbualau,Escola Primária de Kimbualau//MAQUELA DO ZOMBO//UÍGE,Escola Primária de Kimbualau//MAQUELA DO ZOMBO//UÍGE//BÉU//MAQUELA DO ZOMBO,306030012
265,UÍGE,MAQUELA DO ZOMBO,MAQUELA DO ZOBMBO-SEDE,22972,Escola Primária de Ndomba tadila,Escola Primária de Ndomba tadila//MAQUELA DO ZOMBO//UÍGE,Escola Primária de Ndomba tadila//MAQUELA DO ZOMBO//UÍGE//MAQUELA DO ZOBMBO-SEDE//MAQUELA DO ZOMBO,306010007
266,UÍGE,MILUNGA,MASSAU,23525,Escola Primária da Sede Massau,Escola Primária da Sede Massau//MILUNGA//UÍGE,Escola Primária da Sede Massau//MILUNGA//UÍGE//MASSAU//MILUNGA,310040018
267,UÍGE,MILUNGA,MACOLO,23546,Escola Primária de Macolo,Escola Primária de Macolo//MILUNGA//UÍGE,Escola Primária de Macolo//MILUNGA//UÍGE//MACOLO//MILUNGA,310020013
268,UÍGE,MUCABA,SR - COMUNA SEM REGISTO,23310,Escola Primária de Mussenga,Escola Primária de Mussenga//MUCABA//UÍGE,Escola Primária de Mussenga//MUCABA//UÍGE//SR - COMUNA SEM REGISTO//MUCABA,315040035
269,UÍGE,NEGAGE,SR - COMUNA SEM REGISTO,22766,Escola Primária Cmdte Valódia,Escola Primária Cmdte Valódia//NEGAGE//UÍGE,Escola Primária Cmdte Valódia//NEGAGE//UÍGE//SR - COMUNA SEM REGISTO//NEGAGE,304070017
270,UÍGE,POMBO,SANZA POMBO-SEDE,23312,Escola Primária Agostinho Neto,Escola Primária Agostinho Neto//POMBO//UÍGE,Escola Primária Agostinho Neto//POMBO//UÍGE//SANZA POMBO-SEDE//POMBO,308010036
271,UÍGE,POMBO,SANZA POMBO-SEDE,23397,Escola Primária nº 492 Cauonda,Escola Primária nº 492 Cauonda//POMBO//UÍGE,Escola Primária nº 492 Cauonda//POMBO//UÍGE//SANZA POMBO-SEDE//POMBO,308010492
272,UÍGE,POMBO,UAMBA,23341,Escola Primária de Quimelombe,Escola Primária de Quimelombe//POMBO//UÍGE,Escola Primária de Quimelombe//POMBO//UÍGE//UAMBA//POMBO,308030018
273,UÍGE,POMBO,SANZA POMBO-SEDE,23418,Escola Primária de Kimbunga Muanza,Escola Primária de Kimbunga Muanza//POMBO//UÍGE,Escola Primária de Kimbunga Muanza//POMBO//UÍGE//SANZA POMBO-SEDE//POMBO,308010029
274,UÍGE,POMBO,SANZA POMBO-SEDE,23434,Escola Primária nº 462 Quifuaxi,Escola Primária nº 462 Quifuaxi//POMBO//UÍGE,Escola Primária nº 462 Quifuaxi//POMBO//UÍGE//SANZA POMBO-SEDE//POMBO,308010462
275,UÍGE,PURI,SR - COMUNA SEM REGISTO,23113,Escola Primária 616 Calumbo,Escola Primária 616 Calumbo//PURI//UÍGE,Escola Primária 616 Calumbo//PURI//UÍGE//SR - COMUNA SEM REGISTO//PURI,305000030
276,UÍGE,PURI,SR - COMUNA SEM REGISTO,23101,Escola Primária 581 Cacuto,Escola Primária 581 Cacuto//PURI//UÍGE,Escola Primária 581 Cacuto//PURI//UÍGE//SR - COMUNA SEM REGISTO//PURI,305000019
277,UÍGE,QUIMBELE,QUIMBELE-SEDE,23691,Escola Primária Nº 665 - Cassanda,Escola Primária Nº 665 - Cassanda//QUIMBELE//UÍGE,Escola Primária Nº 665 - Cassanda//QUIMBELE//UÍGE//QUIMBELE-SEDE//QUIMBELE,312030665
278,UÍGE,QUIMBELE,CUANGO,23619,Escola Primária Nº 738 - Magingo,Escola Primária Nº 738 - Magingo//QUIMBELE//UÍGE,Escola Primária Nº 738 - Magingo//QUIMBELE//UÍGE//CUANGO//QUIMBELE,312010738
279,UÍGE,QUIMBELE,ALTO ZAZA,23631,Escola Primária Nº 719 - Kitotissa,Escola Primária Nº 719 - Kitotissa//QUIMBELE//UÍGE,Escola Primária Nº 719 - Kitotissa//QUIMBELE//UÍGE//ALTO ZAZA//QUIMBELE,312040719
280,UÍGE,QUIMBELE,QUIMBELE-SEDE,23669,Escola Primária Nº 927 - Kissaba,Escola Primária Nº 927 - Kissaba//QUIMBELE//UÍGE,Escola Primária Nº 927 - Kissaba//QUIMBELE//UÍGE//QUIMBELE-SEDE//QUIMBELE,312030927
281,UÍGE,QUIMBELE,ALTO ZAZA,23635,Escola Primária Nº 670 - Cabaca,Escola Primária Nº 670 - Cabaca//QUIMBELE//UÍGE,Escola Primária Nº 670 - Cabaca//QUIMBELE//UÍGE//ALTO ZAZA//QUIMBELE,312040670
282,UÍGE,QUIMBELE,QUIMBELE-SEDE,23586,Escola Primária Nº 674 - Kimussoco,Escola Primária Nº 674 - Kimussoco//QUIMBELE//UÍGE,Escola Primária Nº 674 - Kimussoco//QUIMBELE//UÍGE//QUIMBELE-SEDE//QUIMBELE,312030674
283,UÍGE,QUIMBELE,ICOCA,23595,Escola Primária Nº 724 - Indo,Escola Primária Nº 724 - Indo//QUIMBELE//UÍGE,Escola Primária Nº 724 - Indo//QUIMBELE//UÍGE//ICOCA//QUIMBELE,312020724
284,UÍGE,QUIMBELE,ICOCA,23607,Escola Primária Nº 667 - Pululu,Escola Primária Nº 667 - Pululu//QUIMBELE//UÍGE,Escola Primária Nº 667 - Pululu//QUIMBELE//UÍGE//ICOCA//QUIMBELE,312020667
285,UÍGE,QUIMBELE,QUIMBELE-SEDE,23680,Escola Primária Nº 666 - Kimbange,Escola Primária Nº 666 - Kimbange//QUIMBELE//UÍGE,Escola Primária Nº 666 - Kimbange//QUIMBELE//UÍGE//QUIMBELE-SEDE//QUIMBELE,312030666
286,UÍGE,SONGO,SR - COMUNA SEM REGISTO,23025,Escola Primária 297-4 Fev.,Escola Primária 297-4 Fev.//SONGO//UÍGE,Escola Primária 297-4 Fev.//SONGO//UÍGE//SR - COMUNA SEM REGISTO//SONGO,311050033
287,UÍGE,SONGO,SR - COMUNA SEM REGISTO,23027,Escola Primária 298 Quimussungo,Escola Primária 298 Quimussungo//SONGO//UÍGE,Escola Primária 298 Quimussungo//SONGO//UÍGE//SR - COMUNA SEM REGISTO//SONGO,311050025
288,UÍGE,SONGO,SR - COMUNA SEM REGISTO,23035,Escola Primária Cambala,Escola Primária Cambala//SONGO//UÍGE,Escola Primária Cambala//SONGO//UÍGE//SR - COMUNA SEM REGISTO//SONGO,311050006
289,UÍGE,UÍGE,SR - COMUNA SEM REGISTO,23241,Escola Primária Nº 40 - Culo,Escola Primária Nº 40 - Culo//UÍGE//UÍGE,Escola Primária Nº 40 - Culo//UÍGE//UÍGE//SR - COMUNA SEM REGISTO//UÍGE,314020043
290,UÍGE,UÍGE,UÍGE,23149,Escola Primária Nº 21- Paco-y-Benze,Escola Primária Nº 21- Paco-y-Benze//UÍGE//UÍGE,Escola Primária Nº 21- Paco-y-Benze//UÍGE//UÍGE//UÍGE//UÍGE,314000010
291,UÍGE,UÍGE,SR - COMUNA SEM REGISTO,23191,Escola Primária S/Nº - IBLA - Cand. Novo,Escola Primária S/Nº - IBLA - Cand. Novo//UÍGE//UÍGE,Escola Primária S/Nº - IBLA - Cand. Novo//UÍGE//UÍGE//SR - COMUNA SEM REGISTO//UÍGE,314020077
292,ZAIRE,M'BANZA KONGO,MBANZA KONGO,666,Escola Primária nº 31,Escola Primária nº 31//M'BANZA KONGO//ZAIRE,Escola Primária nº 31//M'BANZA KONGO//ZAIRE//MBANZA KONGO//M'BANZA KONGO,202010018
293,ZAIRE,M'BANZA KONGO,MBANZA KONGO,692,Escola Primária nº 202,Escola Primária nº 202//M'BANZA KONGO//ZAIRE,Escola Primária nº 202//M'BANZA KONGO//ZAIRE//MBANZA KONGO//M'BANZA KONGO,202010202
294,ZAIRE,NZETO,KINDEGE,885,Escola Primária nº 100,Escola Primária nº 100//NZETO//ZAIRE,Escola Primária nº 100//NZETO//ZAIRE//KINDEGE//NZETO,203020100
295,ZAIRE,NZETO,KINDEGE,889,Escola Primária nº 129,Escola Primária nº 129//NZETO//ZAIRE,Escola Primária nº 129//NZETO//ZAIRE//KINDEGE//NZETO,203020129
296,ZAIRE,NZETO,MUSSERA,892,Escola Primária nº 149,Escola Primária nº 149//NZETO//ZAIRE,Escola Primária nº 149//NZETO//ZAIRE//MUSSERA//NZETO,203030149
297,ZAIRE,SOYO,PEDRA DE FEITIÇO,777,Escola Primária nº 122,Escola Primária nº 122//SOYO//ZAIRE,Escola Primária nº 122//SOYO//ZAIRE//PEDRA DE FEITIÇO//SOYO,201030122
298,ZAIRE,SOYO,MANGUE GRANDE,814,Escola Primária nº 246,Escola Primária nº 246//SOYO//ZAIRE,Escola Primária nº 246//SOYO//ZAIRE//MANGUE GRANDE//SOYO,201050246
299,ZAIRE,TOMBOCO,TOMBOKO,909,Escola Primária nº 272,Escola Primária nº 272//TOMBOCO//ZAIRE,Escola Primária nº 272//TOMBOCO//ZAIRE//TOMBOKO//TOMBOCO,204010272
300,ZAIRE,TOMBOCO,KINSIMBA,923,Escola Primária nº 48,Escola Primária nº 48//TOMBOCO//ZAIRE,Escola Primária nº 48//TOMBOCO//ZAIRE//KINSIMBA//TOMBOCO,204020005
301,BENGUELA,GANDA,SEDE,17477,Escola Primária Sendje Kambaya,Escola Primária Sendje Kambaya//GANDA//BENGUELA,Escola Primária Sendje Kambaya//GANDA//BENGUELA//SEDE//GANDA,1402010018
302,BIÉ,CUITO,CUITO - SEDE,27133,Complexo escolar no 2-antônia junjo da silva,Complexo escolar no 2-antônia junjo da silva//CUITO//BIÉ,Complexo escolar no 2-antônia junjo da silva//CUITO//BIÉ//CUITO - SEDE//CUITO,1203010039
303,BIÉ,CUITO,CUNJE,27101,Complexo escolar no 268-sebastiana garcia,Complexo escolar no 268-sebastiana garcia//CUITO//BIÉ,Complexo escolar no 268-sebastiana garcia//CUITO//BIÉ//CUNJE//CUITO,1203030268
304,BIÉ,CAMACUPA,CAMACUPA - SEDE,14369,Escola primária de cabiri,Escola primária de cabiri//CAMACUPA//BIÉ,Escola primária de cabiri//CAMACUPA//BIÉ//CAMACUPA - SEDE//CAMACUPA,1204020016
305,BIÉ,CHINGUAR,CHINGUAR-SEDE,25120,Escola primária de são paulo,Escola primária de são paulo//CHINGUAR//BIÉ,Escola primária de são paulo//CHINGUAR//BIÉ//CHINGUAR-SEDE//CHINGUAR,1205032035
306,BIÉ,CATABOLA,CHIUCA,12857,Escola primária de catala,Escola primária de catala//CATABOLA//BIÉ,Escola primária de catala//CATABOLA//BIÉ//CHIUCA//CATABOLA,1206040008
307,CUNENE,NAMAKUNDE,CHIEDI,1059,Escola primária de omulemba,Escola primária de omulemba//NAMAKUNDE//CUNENE,Escola primária de omulemba//NAMAKUNDE//CUNENE//CHIEDI//NAMAKUNDE,1706020003
308,HUÍLA,CALUQUEMBE,CALUQUEMBE SEDE,2291,Chitula,Chitula//CALUQUEMBE//HUÍLA,Chitula//CALUQUEMBE//HUÍLA//CALUQUEMBE SEDE//CALUQUEMBE,1609010043
309,KUANDO KUBANGO,MENONGUE,MENONGUE (SEDE),3676,Escola primária no 07ccm2 do popular,Escola primária no 07ccm2 do popular//MENONGUE//KUANDO KUBANGO,Escola primária no 07ccm2 do popular//MENONGUE//KUANDO KUBANGO//MENONGUE (SEDE)//MENONGUE,1801022010
310,KUANDO KUBANGO,MENONGUE,MENONGUE (SEDE),3731,Complexo escolar no 52ccm2 do cilindro,Complexo escolar no 52ccm2 do cilindro//MENONGUE//KUANDO KUBANGO,Complexo escolar no 52ccm2 do cilindro//MENONGUE//KUANDO KUBANGO//MENONGUE (SEDE)//MENONGUE,1801022030
311,KWANZA NORTE,CAZENGO,NDALATANDO,18689,Escola  primária e do i ciclo do b azul,Escola  primária e do i ciclo do b azul//CAZENGO//KWANZA NORTE,Escola  primária e do i ciclo do b azul//CAZENGO//KWANZA NORTE//NDALATANDO//CAZENGO,601011008
312,MOXICO,LEUA,LEUA,12027,Escola  primária  - francisco,Escola  primária  - francisco//LEUA//MOXICO,Escola  primária  - francisco//LEUA//MOXICO//LEUA//LEUA,1109010005
313,UÍGE,MILUNGA,MASSAU,23527,Escola primária de quimusseco,Escola primária de quimusseco//MILUNGA//UÍGE,Escola primária de quimusseco//MILUNGA//UÍGE//MASSAU//MILUNGA,310040003
314,ZAIRE,MBANZA KONGO,MBANZA KONGO,673,Escola primária no 73,Escola primária no 73//MBANZA KONGO//ZAIRE,Escola primária no 73//MBANZA KONGO//ZAIRE//MBANZA KONGO//MBANZA KONGO,202010010
